{
  "mean_curr": [
    0.001941973459906876,
    0.013992402702569962,
    0.015768148005008698,
    0.014110937714576721,
    -0.015215311199426651,
    0.03199361637234688,
    0.45038339495658875,
    0.3685159981250763,
    0.5018042325973511,
    0.42061343789100647,
    0.5444294214248657,
    -0.008730451576411724,
    0.5347316265106201,
    0.09021199494600296,
    0.6650879383087158,
    0.23049165308475494,
    0.04149751737713814,
    0.11276499927043915,
    0.1962110996246338
  ],
  "mean_past": [
    -0.05907703936100006,
    -0.016824249178171158,
    -0.13524511456489563,
    -0.07855342328548431,
    -0.0636543408036232,
    0.35079172253608704,
    0.07704019546508789,
    -0.03656275197863579
  ],
  "has_median": true,
  "median_curr": [
    -0.08182570338249207,
    -0.17745953798294067,
    0.01495547965168953,
    0.2501775920391083,
    -0.21473586559295654,
    0.1974066197872162,
    0.0,
    0.0,
    1.0,
    0.0,
    1.0,
    0.09123817831277847,
    1.0,
    0.0,
    1.0,
    0.0,
    0.0,
    0.0,
    0.0
  ],
  "median_past": [
    -0.14586907625198364,
    -0.20390674471855164,
    -0.3854168951511383,
    0.19452141225337982,
    -0.21473586559295654,
    0.0,
    0.0,
    -0.020140323787927628
  ]
}